n,pi,time
5000000,3.1423872,2.455
10000000,3.1417308,4.627
50000000,3.14129056,24.41
