n,pi,time
200000,3.143142666666667,1.592
n,pi,time
200000,3.1404746666666665,1.34
