n,pi,time, vel
5000000 3.142296 1.7121303081512451 2920338.4673442235
10000000 3.1417308 3.4569246768951416 2892744.5445474857
50000000 3.14169008 17.085989475250244 2926374.271295616
