n,pi,time, vel
5000000 3.1414912 1.7337086200714111 2883990.9671753556
10000000 3.1423336 3.482196569442749 2871750.5748391123
50000000 3.14163272 17.176802396774292 2910902.672396681
