n,pi,time, vel
5000000 3.1415088 1.7212586402893066 2904851.068262238
10000000 3.1417688 3.4404408931732178 2906604.214547837
50000000 3.14115472 17.084145545959473 2926690.1212876504
